,iteration,train loss,val_seen loss,val_seen length,val_seen nav_error,val_seen oracle success_rate,val_seen success_rate,val_seen spl,val_seen oracle path_success_rate,val_seen dist_to_end_reduction,val_unseen loss,val_unseen length,val_unseen nav_error,val_unseen oracle success_rate,val_unseen success_rate,val_unseen spl,val_unseen oracle path_success_rate,val_unseen dist_to_end_reduction
0,100,1.0881076669692993,0.9455552101135254,0.6647823025994664,10.459193931201348,0.07329842931937172,0.05235602094240838,0.05077231497546563,0.08115183246073299,0.10395406267426675,0.9611836051940917,0.6097506206637873,10.392267173240505,0.06945975744211687,0.06725468577728776,0.06725468577728776,0.10033076074972437,0.15847178780944954
1,200,0.9437740964889528,0.9418143272399903,5.944476824908386,9.569696005940498,0.14659685863874344,0.0968586387434555,0.06298369932096834,0.1806282722513089,1.1154564064960824,0.9452910614013671,5.513441993056766,10.012425024679462,0.11576626240352811,0.09481808158765159,0.0748505937776742,0.15214994487320838,0.5426114002540611
2,300,0.9294358396530152,0.9359397649765014,7.725166017979753,8.986605144384116,0.2198952879581152,0.12303664921465969,0.07881143431310668,0.25654450261780104,1.7457137313687747,0.9535632610321045,7.496311404821615,9.896811813403222,0.14332965821389196,0.10033076074972437,0.08232772208416096,0.19073869900771775,0.6787200870779393
3,400,0.9288325891494752,0.9333924293518067,19.174270164697237,8.94806966453023,0.35340314136125656,0.14136125654450263,0.0684356095763967,0.42670157068062825,2.486794590170086,0.9380016613006592,19.135682562217802,9.894114541335991,0.24035281146637266,0.12679162072767364,0.0575175722682172,0.30429988974641675,0.8422316959474765
4,500,0.9255778274536134,0.9233931779861451,18.251531567986675,8.619869287197917,0.3612565445026178,0.1518324607329843,0.07831110717523816,0.43455497382198954,2.7896645540503497,0.9557267093658448,18.398850300117267,9.384521377816766,0.27342888643880925,0.11907386990077178,0.05374843746456678,0.35170893054024255,1.6891551181058737
5,600,0.9248205795288085,0.9063867568969727,31.18091933635081,8.632109782406909,0.39790575916230364,0.1806282722513089,0.05409504407815231,0.48429319371727747,3.1802029493759076,0.9368460750579833,31.13982263374592,9.590286644208733,0.3263506063947078,0.13120176405733186,0.03355800626368667,0.39691289966923926,1.4921518055215786
6,700,0.9196933622360228,0.9090403795242309,25.86531253303601,8.443852587301757,0.418848167539267,0.17015706806282724,0.06098458656459256,0.5104712041884817,2.9904845397820075,0.9467253112792967,26.77621609081753,9.552859709597957,0.30760749724366043,0.11797133406835722,0.03456363691310694,0.39029768467475195,1.464161053331652
7,800,0.9155702571868897,0.9115851640701295,25.23293053143317,7.8374210681430645,0.39790575916230364,0.1649214659685864,0.06290236251302281,0.5130890052356021,3.6842423937044364,0.9510064029693603,26.58816442416788,9.564262501557735,0.2954796030871003,0.10253583241455347,0.02849128074030258,0.3770672546857773,1.3087299796059693
8,900,0.9189640178680419,0.902642297744751,20.45490428029236,7.604025223285173,0.3743455497382199,0.18324607329842932,0.08196232686097678,0.4712041884816754,3.865743237229259,0.9443223381042483,21.152486267271232,9.435561615790569,0.24586549062844543,0.12127894156560089,0.04363268195612735,0.3054024255788313,1.3304905137446452
9,1000,0.9128165378570556,0.9183690786361693,21.05954249395043,7.959566280493322,0.387434554973822,0.1544502617801047,0.07385692873596596,0.5026178010471204,3.8244731166853008,0.9626150512695313,21.926473685558797,9.240885469643313,0.3164277839029768,0.15545755237045203,0.049427799318779456,0.3947078280044101,2.032732515824386
10,1100,0.9119633779525756,0.9195783376693726,19.23648980450107,7.664942520469104,0.3612565445026178,0.18586387434554974,0.09121619805449535,0.468586387434555,3.9083407523474967,0.9620719528198242,21.114350613080646,9.608555803890143,0.2657111356119074,0.12017640573318633,0.04377742178419618,0.3428886438809261,1.2809150752790073
11,1200,0.9076471567153931,0.9171533346176148,24.94741005954447,7.504956643749994,0.4109947643979058,0.20157068062827224,0.08857300685808527,0.5340314136125655,4.2766356848891895,0.9605346775054932,26.52117919080244,9.85004933399348,0.2701212789415656,0.1345093715545755,0.04158470255738108,0.3484013230429989,0.8611701970976872
12,1300,0.9089279804229736,0.8951533317565918,17.25524650792271,7.289564708411192,0.39790575916230364,0.20418848167539266,0.10541857598181696,0.5157068062827225,4.4373634469354934,0.9651267051696777,18.716108743622563,9.684874182393278,0.23153252480705622,0.13671444321940462,0.05202643969216435,0.30209481808158767,1.0374591862024733
13,1400,0.9054251222610473,0.930043363571167,23.165399632513882,7.193648648539464,0.4319371727748691,0.24345549738219896,0.1062733444086606,0.5549738219895288,4.51327653103947,0.9649097537994384,23.148496828244802,9.641619859364834,0.2723263506063947,0.13009922822491732,0.041833898348590665,0.3439911797133407,1.3584956418449328
14,1500,0.9041776924133299,0.9098150968551635,25.550071072667183,7.390740370756632,0.47643979057591623,0.20157068062827224,0.09189974466733429,0.599476439790576,5.179993344906284,0.9550988864898681,26.006010446891537,9.496196236307874,0.31201764057331866,0.12679162072767364,0.045748752179094125,0.3914002205071665,1.9159627668901782
15,1600,0.9048560209274292,0.9104292392730713,22.875846221689745,7.140819100369832,0.4214659685863874,0.20418848167539266,0.08679425442170485,0.5418848167539267,4.948930832816177,0.9758000659942626,23.443666123472685,9.478590289665638,0.2965821389195149,0.12348401323042998,0.049139259784429706,0.37927232635060637,1.6091754794817223
16,1700,0.9023477210998536,0.9153665542602539,22.2209748418403,7.150622071317925,0.4712041884816754,0.22251308900523561,0.0997415663560787,0.5890052356020943,5.095211959687146,0.9554631042480468,22.046548281668006,9.4402064953227,0.27122381477398017,0.14332965821389196,0.05249478315488648,0.3627342888643881,1.668687739705425
17,1800,0.9002862424850463,0.9114171743392945,15.053797345923433,7.4222656241611356,0.41361256544502617,0.20680628272251309,0.11904574176043588,0.5130890052356021,4.721166424857566,0.9883960247039795,14.922226998673404,9.39770195161299,0.24255788313120177,0.15104740904079383,0.0753439641967401,0.31091510474090406,1.3493387300483257
18,1900,0.8982917070388794,0.9041886091232301,20.870638624878815,7.231531748174574,0.42408376963350786,0.19895287958115182,0.09524888964553398,0.5340314136125655,4.834541133419901,0.9822610759735108,21.365196232587504,9.046758524924869,0.3065049614112459,0.1609702315325248,0.05901235128138817,0.39911797133406834,2.249212281926387
19,2000,0.8993302488327027,0.9042115926742553,21.928839419390474,7.007870642482291,0.4869109947643979,0.21727748691099477,0.1107142550556778,0.6020942408376964,5.077852847684901,0.9667214488983153,21.073112395079793,9.68224276562812,0.2745314222712238,0.12238147739801543,0.046843006867179994,0.34950385887541346,1.558605523010201
20,2100,0.8953121232986452,0.9071922063827516,21.808727880801566,6.854102439611003,0.5,0.2643979057591623,0.1274927266667103,0.6178010471204188,5.4109087505048565,0.9686529636383057,20.212696409910148,9.491942252877596,0.2954796030871003,0.14332965821389196,0.05563711280647305,0.37816979051819183,1.7975505248366028
21,2200,0.8960549669265748,0.9092067480087281,16.841497119766668,6.828934937673288,0.46335078534031415,0.2643979057591623,0.15207769632847884,0.5732984293193717,5.1497391933647885,0.9759814834594727,15.036627460947976,9.31741615902473,0.25468577728776187,0.1378169790518192,0.07635878828101743,0.33517089305402425,1.7086100992431268
22,2300,0.8935291986465452,0.9046751499176026,20.055204123204067,6.833273229716937,0.4476439790575916,0.23821989528795812,0.11723192512381334,0.5654450261780105,5.138067425558047,0.9787241172790528,20.44404676361257,9.547152908068233,0.2557883131201764,0.11686879823594266,0.04738446858608129,0.3296582138919515,1.5734558037471964
23,2400,0.889625027656555,0.9092942237854004,22.81483367250802,6.991321794947977,0.49476439790575916,0.25654450261780104,0.10985597790960173,0.6151832460732984,5.491222759384166,0.9973388767242432,20.057635041142422,9.353468461456352,0.2866593164277839,0.1466372657111356,0.06264441578851619,0.37265711135611906,1.5510884094364432
24,2500,0.891689497947693,0.9010290145874023,25.88943963851981,7.1783087492223965,0.49476439790575916,0.22774869109947643,0.09350923428661526,0.6308900523560209,5.052972451035061,0.9652993488311766,22.650996310596852,9.689829700048753,0.28776185226019846,0.13340683572216097,0.045675816286902655,0.3715545755237045,1.6985132209424967
25,2600,0.8879396543502807,0.9138838291168212,18.324816675489984,6.928078284576486,0.4738219895287958,0.25392670157068065,0.14267932973325884,0.5785340314136126,5.326395515755491,0.997096757888794,17.555012431813502,9.322759105976974,0.29437706725468576,0.16427783902976847,0.07298653661949453,0.3869900771775083,2.010141278458366
26,2700,0.8821713390350342,0.8737897396087646,21.695521998695572,7.074322365900678,0.4790575916230366,0.2513089005235602,0.11052567797573333,0.5968586387434555,5.114643359946575,0.9677640819549559,20.087639071142544,9.45811099916118,0.28004410143329656,0.1422271223814774,0.06309290778974108,0.37265711135611906,1.8864703613725216
27,2800,0.8830902757644654,0.9044344663619995,21.6522313813521,6.989468924175752,0.49476439790575916,0.22774869109947643,0.10735011360748305,0.6020942408376964,5.46271210402601,0.9820431613922119,19.092707874219034,9.455611801503315,0.3031973539140022,0.14553472987872107,0.06988485413669761,0.3936052921719956,1.903960888619136
28,2900,0.8819177227020265,0.8877411127090454,11.698582185108435,6.818013687584468,0.39267015706806285,0.2591623036649215,0.17136495294662876,0.49476439790575916,4.815923897961975,0.9779167366027831,10.912329510519424,9.165515274966262,0.23594266813671444,0.14553472987872107,0.09949799073929488,0.3065049614112459,1.869745807866388
29,3000,0.878475375175476,0.8834031581878663,26.387388651305777,7.1594474565496204,0.5471204188481675,0.25654450261780104,0.1199351405403113,0.6413612565445026,5.423227827966006,0.9820863819122316,20.48004464757385,10.272499064762512,0.27122381477398017,0.13671444321940462,0.0489750876267213,0.3528114663726571,0.9059217579320329
30,3100,0.8781167697906496,0.8897745370864868,22.572135214649176,7.066351361549434,0.4738219895287958,0.2486910994764398,0.10818894026701517,0.5837696335078534,5.238666247517668,0.9801861953735351,19.19530193356784,9.648237403520733,0.288864388092613,0.14884233737596472,0.06361274218912528,0.36604189636163176,1.7790629336557624
31,3200,0.8769100561141971,0.8897096633911132,19.20961868687119,6.765549948699501,0.4895287958115183,0.27225130890052357,0.1432370839764218,0.5916230366492147,5.339368591031823,0.9945131301879885,17.244408706916726,9.507067520112049,0.27783902976846747,0.1378169790518192,0.06092024151496439,0.35942668136714445,1.9439513402336188
32,3300,0.8739989356994627,0.9009986162185668,18.47857390472841,6.599319446649392,0.4816753926701571,0.2931937172774869,0.16153000261933945,0.599476439790576,5.152803529678464,0.9895706653594971,16.250635310567734,9.368334996156442,0.2756339581036384,0.1466372657111356,0.07708999442453578,0.3539140022050717,1.8661323046733134
33,3400,0.8737723512649537,0.8898619413375854,23.24016191661937,6.643888481643646,0.5340314136125655,0.28272251308900526,0.13211770341651344,0.6282722513089005,5.6078987500535336,0.9985918140411376,19.516707997624167,9.489060132474986,0.29768467475192945,0.14332965821389196,0.056852483661265815,0.38037486218302097,1.7990790994359118
34,3500,0.868355969429016,0.870991587638855,25.113173654004463,6.789010738431117,0.5418848167539267,0.2905759162303665,0.12276536955514096,0.662303664921466,5.688265644330785,0.9847424221038817,21.194311430374707,9.641138449450748,0.30209481808158767,0.12348401323042998,0.04709360486990363,0.3869900771775083,1.7788346342768446
35,3600,0.8677083282470706,0.8999346733093261,18.714407873467415,6.758351993709141,0.49214659685863876,0.2774869109947644,0.15406948751707691,0.5942408376963351,5.096683933866616,1.0113009071350096,16.47459684737132,9.658125211275156,0.2723263506063947,0.15214994487320838,0.06950639381112354,0.35170893054024255,1.721465905952816
36,3700,0.8667530126571654,0.8822935819625854,21.5742224400745,6.548651034693728,0.4869109947643979,0.31413612565445026,0.1432747035990095,0.6073298429319371,5.190140398774472,0.9962604331970215,19.990676035610388,9.388173687721668,0.27673649393605293,0.1565600882028666,0.061258242833433035,0.36604189636163176,1.657372316857385
37,3800,0.8681281623840335,0.8929124593734742,21.83882044740447,6.986754190811769,0.5,0.2591623036649215,0.13819930962033591,0.599476439790576,4.997888254132227,1.0026066970825196,19.35691006598008,9.926972373947212,0.29988974641675853,0.14002205071664828,0.055853836089884173,0.38257993384785005,1.4182835686944875
38,3900,0.8626554689407351,0.8915030241012574,18.959866418056784,6.954182918654016,0.4895287958115183,0.28272251308900526,0.14542752207968807,0.599476439790576,4.964138481727929,0.9936514663696288,16.490685619482683,9.634763059214963,0.2745314222712238,0.1444321940463065,0.06526017755745629,0.3472987872105843,1.593235349595029
39,4000,0.8612347478866578,0.9188802003860473,15.850244535023238,6.554231435223731,0.48429319371727747,0.3089005235602094,0.1938331920288487,0.5968586387434555,5.116980413890611,1.02584774017334,13.229624227201628,9.621187595837656,0.26460859977949286,0.16538037486218302,0.08690635383345696,0.3439911797133407,1.2757313540383997
40,4100,0.8605507392883299,0.8957671165466308,18.756034529106003,6.50944141979921,0.5157068062827225,0.3193717277486911,0.17594014460273846,0.6256544502617801,5.4351170984392665,1.0073660278320313,17.64549690284731,9.622488582245866,0.30099228224917307,0.15325248070562295,0.07306625824894547,0.4079382579933848,1.7547791915459525
41,4200,0.8554802002906798,0.8701526165008545,19.087376072269173,6.767723601869522,0.5052356020942408,0.31151832460732987,0.17166661790798315,0.6282722513089005,4.910759743229997,0.9987742233276368,16.01409700322675,9.695739384352528,0.24917309812568908,0.13561190738699008,0.058602841565577254,0.3340683572216097,1.5042403126964727
42,4300,0.8563431968688966,0.8805960178375245,19.280588737056426,6.430752005459968,0.5157068062827225,0.3193717277486911,0.18498229776735628,0.612565445026178,5.448155173534413,1.0064056396484375,17.003162854424286,9.62065286017893,0.29988974641675853,0.15214994487320838,0.07291618288377438,0.38478500551267913,1.8989234983068342
43,4400,0.8526155729293824,0.8740985870361329,21.12203719248564,6.744272611601196,0.5,0.31675392670157065,0.1763293403755158,0.5968586387434555,5.061738548674416,0.9863050746917723,16.718106965654297,9.535889702218194,0.2866593164277839,0.17420066152149946,0.07871252289831504,0.37596471885336274,1.5935062700884757
44,4500,0.8527354888916016,0.8895899534225464,16.94852095058017,6.572512872950993,0.5,0.34554973821989526,0.22243770866491447,0.599476439790576,5.136803255231319,1.0127823066711426,16.471671263166918,9.355785086268437,0.29768467475192945,0.15766262403528114,0.0745403195784673,0.3814773980154355,2.0296847336093906
45,4600,0.8491897196769714,0.8883096456527709,23.222749977103515,6.495546651680325,0.5418848167539267,0.35340314136125656,0.176674422579253,0.6387434554973822,5.259624057765013,1.007121467590332,20.574356026152188,9.72882742969304,0.31091510474090406,0.13009922822491732,0.05338477962812291,0.4013230429988975,1.5767557532031748
46,4700,0.8458170914649963,0.8957013130187989,19.147441645475972,6.628307285765536,0.5392670157068062,0.34293193717277487,0.2040230199382138,0.6308900523560209,5.251970357770501,0.9896668338775635,16.56903583329437,9.678068578874278,0.3065049614112459,0.15766262403528114,0.07546640685449556,0.3770672546857773,1.6216295226786142
47,4800,0.8432993173599244,0.8592735290527344,21.639744920728006,7.056618784668151,0.5261780104712042,0.3298429319371728,0.17769261170771325,0.6335078534031413,4.752015730314552,0.9973729515075684,17.89083499010166,9.714040616590657,0.29768467475192945,0.1565600882028666,0.06489144554678186,0.38478500551267913,1.5469443106729885
48,4900,0.8405466852188112,0.8891937017440795,14.279079661895098,6.525923401409263,0.4895287958115183,0.3403141361256545,0.24247957499854972,0.5785340314136126,5.020773538165704,1.0111590099334715,12.913550876182834,9.323616052704747,0.25027563395810365,0.16979051819184124,0.09379651174170163,0.3362734288864388,1.4905729468036812
49,5000,0.837715269088745,0.8916600465774537,18.66493029085857,6.520305900342531,0.5314136125654451,0.34554973821989526,0.19625405895325293,0.6335078534031413,5.022795036005838,1.0024153041839599,15.490398259293867,9.826338522944113,0.2756339581036384,0.12899669239250275,0.0646617810792858,0.35501653803748623,1.236199720965542
50,5100,0.8374517121315002,0.883538794517517,15.534348818431543,6.592816931126148,0.5078534031413613,0.337696335078534,0.2326580777383103,0.6047120418848168,5.018557946321263,1.0142362689971924,14.414978196321556,9.205014194412284,0.3098125689084895,0.17640573318632854,0.09880550486597718,0.40352811466372657,1.7945328876829134
51,5200,0.8323055114746094,0.8863579273223876,14.485674555813475,6.341636277989766,0.5104712041884817,0.3507853403141361,0.24250108735740747,0.6204188481675392,5.343729343913641,1.026741247177124,14.118294977670322,9.32711481754749,0.30099228224917307,0.17750826901874311,0.09515729752307206,0.3836824696802646,1.739102201363668
52,5300,0.8307633638381957,0.8708428144454956,17.111267989764002,6.44300621736795,0.5209424083769634,0.34554973821989526,0.21762807007407908,0.6204188481675392,5.3039260142973905,1.0254708194732667,16.454577578452472,9.473382527907992,0.2756339581036384,0.12348401323042998,0.055489058747272106,0.36163175303197354,1.7511804397012223
53,5400,0.8271911764144896,0.8576777696609498,17.02263560793257,6.3851315541824825,0.5366492146596858,0.3743455497382199,0.24859709217588466,0.6413612565445026,5.249354739732842,0.9857832622528075,14.547980581089835,9.684012533456015,0.28004410143329656,0.1543550165380375,0.085567018463605,0.3572216097023153,1.545132598838193
54,5500,0.8280170388221743,0.8728250741958619,16.147367790933547,6.474425889347943,0.5026178010471204,0.3481675392670157,0.23400035142388836,0.6151832460732984,5.0170958182084275,1.0237629985809327,15.861867400711478,9.442530693160206,0.26460859977949286,0.1609702315325248,0.07378164119206511,0.3572216097023153,1.3884695950389963
55,5600,0.8235834312438964,0.8577888011932373,20.34063029100053,6.529250970425625,0.5366492146596858,0.3586387434554974,0.20615463794633848,0.6361256544502618,5.037406625673719,1.008299512863159,15.933172943077542,9.66800801033375,0.2745314222712238,0.1587651598676957,0.0753330836699447,0.35832414553472985,1.324137234576771
56,5700,0.8202007412910463,0.873772668838501,19.03969569567379,6.906819067431756,0.5287958115183246,0.34293193717277487,0.17912691656062016,0.6047120418848168,4.979198283290743,1.005821304321289,16.34796042977226,9.729044911871153,0.29106945975744214,0.1631753031973539,0.07613853220646159,0.3638368246968026,1.5151287678783936
57,5800,0.8127601451873778,0.8798633575439453,16.0761625111016,6.5877809651330095,0.5418848167539267,0.3481675392670157,0.23659743456191487,0.6544502617801047,5.188263047470026,1.023032398223877,14.459391898114982,9.570259976028531,0.2679162072767365,0.1543550165380375,0.07841053398195552,0.3484013230429989,1.389115956318549
58,5900,0.8140353865623475,0.8868305206298828,16.49041693929513,6.542520445726481,0.5130890052356021,0.3586387434554974,0.21962586405966228,0.612565445026178,5.069354986482913,1.0209966945648195,15.878734510964431,9.401202666827079,0.2756339581036384,0.1444321940463065,0.06465746116794166,0.36163175303197354,1.410175677514261
59,6000,0.8099355959892273,0.8705511331558228,16.172474222163896,6.566297177122182,0.5340314136125655,0.3481675392670157,0.23099442197478479,0.6361256544502618,5.072896413416452,1.017315845489502,13.854494511279961,9.568091493331933,0.28114663726571115,0.17861080485115766,0.09018588407446158,0.3627342888643881,1.532711207546705
60,6100,0.8067563047409056,0.8706609725952148,15.791815168079674,6.5578311952807145,0.5235602094240838,0.3481675392670157,0.2563107546542177,0.6256544502617801,4.7805950694987365,0.9972184276580809,15.738390475271208,9.297497518075264,0.28776185226019846,0.16648291069459759,0.0899659250279707,0.3715545755237045,1.5523589351336795
61,6200,0.8058132033348083,0.8814118862152099,12.862389846429128,6.445520329652414,0.47643979057591623,0.35340314136125656,0.2635793071466918,0.5837696335078534,4.921044802279823,1.013429775238037,12.027728052263255,9.228341805776425,0.25909592061742004,0.1565600882028666,0.10126353816021155,0.34509371554575524,1.692955655650827
62,6300,0.8061170597076415,0.8661375522613526,19.76639637741365,7.080181125524013,0.5314136125654451,0.31413612565445026,0.1961525221916528,0.643979057591623,4.897182615189725,1.0113129806518555,17.71651278652108,9.465699025590622,0.29106945975744214,0.16538037486218302,0.0717295254156459,0.3671444321940463,1.4100297218694693
63,6400,0.8016839141845702,0.8749330759048461,19.184070369977896,6.6283478540619845,0.5575916230366492,0.35340314136125656,0.22108881787791643,0.6596858638743456,5.235381153251082,1.0310730743408203,17.031461238744633,9.76725319076378,0.2954796030871003,0.1543550165380375,0.06980379537129931,0.37816979051819183,1.2860901718026712
64,6500,0.7993025140762329,0.8782351016998291,16.058805121258253,6.6948027787097475,0.5235602094240838,0.3324607329842932,0.2349539221858983,0.6178010471204188,5.121325306133638,1.027696647644043,14.701088055677179,9.659642156162905,0.28114663726571115,0.16868798235942667,0.08541035571589616,0.3528114663726571,1.2311245846137382
65,6600,0.7972724056243895,0.8721853256225587,16.81472857141405,6.559188529562755,0.5235602094240838,0.34554973821989526,0.22460027546488473,0.6335078534031413,4.875182178489941,1.041420249938965,15.043205697316314,9.350905678635804,0.2844542447629548,0.16979051819184124,0.08936852809326423,0.39029768467475195,1.5283166343114574
66,6700,0.7945348963737487,0.8536118268966675,14.455237166308873,6.796700323117813,0.5287958115183246,0.3481675392670157,0.2657028993397875,0.6308900523560209,4.78862572420719,1.0157364749908449,12.43320963382112,9.643253776765619,0.2557883131201764,0.14773980154355015,0.08663206159102067,0.3461962513781698,1.2433794421706768
67,6800,0.7921579604148863,0.8582419633865356,19.77834489795118,6.714437411823964,0.5523560209424084,0.34293193717277487,0.2099156001833748,0.6518324607329843,5.359999920314461,1.0228788280487062,17.2179382888248,9.392838051832054,0.30209481808158767,0.175303197353914,0.07730916390003545,0.39691289966923926,1.5241422484888778
68,6900,0.7907814621925351,0.8587115049362183,15.745013321011974,6.3299958408646795,0.518324607329843,0.3586387434554974,0.2603208667954126,0.6361256544502618,5.093197813375164,1.03204252243042,15.045396744912907,9.540377888937519,0.2745314222712238,0.16758544652701213,0.08630602223809332,0.360529217199559,1.2779499204394973
69,7000,0.7870597548484801,0.8637136697769165,16.676999810107088,6.486253607087079,0.5471204188481675,0.35602094240837695,0.2485129166416823,0.6492146596858639,5.259937192842943,1.0336210346221921,15.399051513650429,9.33391207073195,0.3153252480705623,0.1918412348401323,0.10865201149372747,0.40352811466372657,1.535171708592021
70,7100,0.7866348934173584,0.8873270988464355,18.69113636813595,6.395416094257553,0.5654450261780105,0.3403141361256545,0.2098181126400127,0.675392670157068,5.514303103578477,1.0405135822296143,17.685153601508215,9.239174319214591,0.308710033076075,0.18853362734288864,0.0856615185915634,0.40352811466372657,1.563109713010919
71,7200,0.7855230851173399,0.8706880569458008,16.447879764006878,6.298856441662936,0.5549738219895288,0.3743455497382199,0.24275522398324753,0.6675392670157068,5.3914667777488345,1.0580575847625733,15.4771730969301,9.479390175504317,0.2954796030871003,0.1587651598676957,0.0814519579371153,0.38919514884233736,1.3572246463657476
72,7300,0.7858210844993593,0.8827438354492188,16.528690869225915,6.514942138336221,0.5471204188481675,0.3612565445026178,0.24554276099756775,0.6518324607329843,5.472629051125785,1.0373871517181397,14.736458607042708,9.593998405703733,0.28114663726571115,0.14553472987872107,0.0705071228662307,0.3638368246968026,1.2613862113247953
73,7400,0.7789558911323546,0.8568062067031861,16.062182226685728,6.790911559703606,0.5418848167539267,0.3481675392670157,0.2355206485575885,0.6387434554973822,5.074600809644861,1.0490680122375489,15.901248726503951,9.305977132712252,0.2844542447629548,0.14994487320837926,0.0708419744030511,0.37045203969129,1.6842833711332972
74,7500,0.7752007389068605,0.8615717411041259,14.765935552531557,6.743139298582666,0.5287958115183246,0.33507853403141363,0.23958864185309056,0.6308900523560209,5.087612668125948,1.0522142028808594,14.195354289158548,9.381353440824588,0.2855567805953694,0.16758544652701213,0.08822145261901883,0.3715545755237045,1.4821744490863344
75,7600,0.7721469254493715,0.8582806348800659,13.790474210195637,6.569271604411388,0.5497382198952879,0.38481675392670156,0.29887356817870087,0.6544502617801047,4.982367595203265,1.0528458118438722,13.368261883944667,9.496390601094026,0.2866593164277839,0.17199558985667035,0.10106405066257927,0.3869900771775083,1.3014981186887602
76,7700,0.7767792491912842,0.8850599050521851,15.479323436952159,6.691678651813458,0.5130890052356021,0.3403141361256545,0.24350269674532682,0.6465968586387435,4.858499108601059,1.0541904640197757,15.050277697689369,9.428125050641883,0.27122381477398017,0.15104740904079383,0.07674677035053647,0.360529217199559,1.38659398545502
77,7800,0.7721941857337952,0.8485373020172119,18.389732558566486,6.7556397993262625,0.5680628272251309,0.36910994764397903,0.25263216601623484,0.6570680628272252,5.013139615197724,1.025585718154907,15.814302707859095,9.97226838369761,0.2745314222712238,0.12458654906284454,0.06545087643431276,0.35832414553472985,0.9281841201282119
78,7900,0.7688652834892272,0.856908130645752,19.4406224509622,6.742277947824641,0.5549738219895288,0.3298429319371728,0.2092114916034474,0.6596858638743456,5.283052334464873,1.0341587924957276,18.160382489469313,9.29635873438059,0.30209481808158767,0.18853362734288864,0.08092706761997616,0.38919514884233736,1.6409407449494564
79,8000,0.7673016109466552,0.8720216035842896,16.794197772099906,6.709231925786256,0.5837696335078534,0.35340314136125656,0.2439148570570923,0.675392670157068,5.394787383724727,1.0531202697753907,15.92040232398925,9.669316750702812,0.31422271223814774,0.16538037486218302,0.08606847249548898,0.3836824696802646,1.3422653111901073
80,8100,0.767500790119171,0.8689031839370728,18.370032327326584,6.6242620601911835,0.5863874345549738,0.38219895287958117,0.25823260712158697,0.6963350785340314,5.24808291530062,1.0549756050109864,16.79957757918802,9.605290329781132,0.30429988974641675,0.17640573318632854,0.09033327675755709,0.39691289966923926,1.2877479129900842
81,8200,0.7589033074378966,0.8793797969818115,17.600466756237747,6.575557775946461,0.56282722513089,0.35340314136125656,0.23394290492855122,0.6570680628272252,5.229979144038052,1.048017349243164,15.073974787538187,9.576460462710262,0.278941565600882,0.16207276736493936,0.08458849765236408,0.35942668136714445,1.3945760097221935
82,8300,0.7629390654563903,0.8522375106811524,16.004871430888205,6.861508724406929,0.5340314136125655,0.3298429319371728,0.25240257307051384,0.6335078534031413,4.877035401821267,1.038016185760498,13.886815394075766,9.839596577865207,0.2745314222712238,0.15766262403528114,0.096139210481264,0.35942668136714445,1.1864379249879742
83,8400,0.762405475616455,0.8614274501800536,17.643285968639777,6.556950517048385,0.5863874345549738,0.38481675392670156,0.2805041836682959,0.680628272251309,5.300171543328513,1.0754053688049316,15.984455173229184,9.658894835723489,0.28996692392502754,0.17861080485115766,0.08843236852981172,0.37265711135611906,1.2155556174385684
84,8500,0.7596437239646912,0.8640544891357422,17.357245213076215,6.686994381620437,0.56282722513089,0.3586387434554974,0.2471900971662695,0.6649214659685864,5.2590608461663555,1.0660531520843506,16.59564826881139,9.380453665950519,0.3131201764057332,0.19294377067254687,0.10016537652218595,0.4013230429988975,1.5088429439063415
85,8600,0.7553742680549622,0.764448630809784,12.074846077533353,6.681687901958723,0.5078534031413613,0.38219895287958117,0.3086460169722384,0.6178010471204188,4.731146037980949,1.0203245639801026,10.845102863904655,9.92134588958557,0.23153252480705622,0.15104740904079383,0.10807324328711819,0.3153252480705623,0.835519341092108
86,8700,0.7512169842720031,0.8554969787597656,15.430188773485735,6.742555399946908,0.5418848167539267,0.35340314136125656,0.2622627564924306,0.6230366492146597,4.806506428629205,1.0240579319000243,14.786916378369424,9.523982394199015,0.2954796030871003,0.16758544652701213,0.0919916277146792,0.38588754134509373,1.3444645811544451
87,8800,0.7499715471267698,0.8572713613510132,17.875228908696343,6.822479978027082,0.5340314136125655,0.3324607329842932,0.2307925305828602,0.6361256544502618,4.839620164011189,1.0479924488067627,16.329581087674253,9.76962848654356,0.2855567805953694,0.16538037486218302,0.07910083982224729,0.36934950385887544,1.1378714117615367
88,8900,0.7519163961410524,0.874988341331482,14.671851206863687,6.573559804425986,0.5418848167539267,0.3612565445026178,0.2532457470360959,0.6675392670157068,5.163508912925654,1.0559088134765626,12.40619005764995,9.749595568294863,0.2535832414553473,0.1730981256890849,0.10025552091770394,0.3461962513781698,1.0279656651702582
89,9000,0.7525142149925231,0.862172532081604,17.012967670172753,6.7053312000912815,0.5497382198952879,0.38219895287958117,0.2609146434916589,0.6649214659685864,5.112231786280083,1.0855760383605957,15.91421056780936,9.6319074260082,0.29768467475192945,0.18081587651598677,0.08952466718867777,0.3770672546857773,1.378231575885955
90,9100,0.7498059401512147,0.8641358852386475,15.804335997659713,6.822546027237609,0.5471204188481675,0.38219895287958117,0.27059466701393037,0.6492146596858639,4.950425577127876,1.0770591354370116,15.248653277277224,9.667526639010385,0.2932745314222712,0.15766262403528114,0.08475373903359491,0.37596471885336274,1.2615495859224495
91,9200,0.7519668502807617,0.8674173831939698,17.055145170798912,6.677595385540051,0.5837696335078534,0.39528795811518325,0.2627467033424255,0.6858638743455497,5.503593695207611,1.0657532978057862,16.11804970056986,9.674609533651648,0.2932745314222712,0.18412348401323042,0.08849486356624675,0.3649393605292172,1.2800870587435804
92,9300,0.7448480267524721,0.859965443611145,16.50157990577412,6.966185190578465,0.5314136125654451,0.33507853403141363,0.2304935601859767,0.6465968586387435,4.845306031497391,1.0545207691192626,16.04906268657283,9.850204956779976,0.27673649393605293,0.14994487320837926,0.07821031989175209,0.3627342888643881,1.1821695818398614
93,9400,0.7452162766456603,0.8786373376846314,15.917887776485383,6.422341672779188,0.5471204188481675,0.38219895287958117,0.26056694816680465,0.6570680628272252,5.379771618639798,1.0520219707489011,14.785773213430668,9.458827989590144,0.30760749724366043,0.17199558985667035,0.08676293817810216,0.3980154355016538,1.4598117317173773
94,9500,0.7445212998390198,0.8977590322494506,13.039340057169747,6.69656392451527,0.5418848167539267,0.35340314136125656,0.28604299118088605,0.643979057591623,5.045367500266268,1.074546890258789,12.185626966960674,9.586669170178443,0.269018743109151,0.16538037486218302,0.1093471380226607,0.350606394707828,1.333628331634764
95,9600,0.7362725872993469,0.8804652690887452,16.623625270020604,6.544692004332349,0.5732984293193717,0.39528795811518325,0.2737551148845148,0.6780104712041884,5.25990825297752,1.1031888484954833,16.143423361418233,9.573365214978045,0.27342888643880925,0.175303197353914,0.09654324046899655,0.360529217199559,1.3721187462103133
96,9700,0.7421596107482911,0.8523914098739623,15.838757521064284,6.748606066793768,0.5366492146596858,0.35602094240837695,0.25648565584437805,0.6465968586387435,4.969348704119235,1.0433917713165284,14.010265310477754,9.819922487177733,0.24696802646085997,0.14332965821389196,0.0845421027501648,0.3318632855567806,1.0702820261064125
97,9800,0.7394415717124939,0.8636481523513794,14.855444996922044,6.547710916825537,0.5471204188481675,0.3717277486910995,0.27710369096578413,0.6518324607329843,5.283296571701195,1.0415236663818361,15.282451815328113,9.521315326401744,0.27673649393605293,0.16979051819184124,0.0951605275134709,0.36604189636163176,1.4038618117153565
98,9900,0.738858127593994,0.8593047857284546,15.93793439830573,6.945338530790674,0.5314136125654451,0.3586387434554974,0.262311358509194,0.643979057591623,4.60809864199448,1.0448861026763916,15.606695362042975,9.878090031321255,0.269018743109151,0.16427783902976847,0.09287755742616201,0.3572216097023153,1.0348474444056033
99,10000,0.7287355666160583,0.8827111005783081,16.815730012373105,6.726936174774335,0.5314136125654451,0.3403141361256545,0.23132386262230287,0.6361256544502618,5.246182087875321,1.0723159980773924,16.41222949814719,9.820793742678905,0.2657111356119074,0.15545755237045203,0.07405107392510127,0.3395810363836825,1.1234570763423144
100,10100,0.7361838145256043,0.8732723474502564,18.29873464102525,6.776473000371697,0.5680628272251309,0.3612565445026178,0.23498886862752966,0.675392670157068,5.0680141232862,1.0823558139801026,18.52654567482259,9.483490836003782,0.31863285556780596,0.1565600882028666,0.07472790242077562,0.40683572216097025,1.5011435939139037
101,10200,0.7327173619270324,0.8656642675399779,17.758476300459552,6.77262820768663,0.5654450261780105,0.3717277486910995,0.2583821498442498,0.6701570680628273,5.035146255914131,1.0592218112945555,17.937444769951306,9.813555463421224,0.30429988974641675,0.15766262403528114,0.07996156827304776,0.3814773980154355,1.0884159401585116
102,10300,0.73323002243042,0.8945925235748291,15.236940658191745,6.835700535753718,0.5078534031413613,0.3324607329842932,0.22311140981652558,0.6178010471204188,4.851991546208485,1.0803711223602295,15.21601753743019,9.432538300958798,0.2613009922822492,0.1609702315325248,0.08776754138451025,0.35170893054024255,1.479541350521928
103,10400,0.7205307192802429,0.8547538280487061,18.48301669392663,6.734737009209102,0.5602094240837696,0.34293193717277487,0.22671129827191136,0.6675392670157068,5.1726463873371324,1.0535199069976806,16.80200222087197,9.86303299773858,0.28776185226019846,0.15545755237045203,0.0791254081224253,0.37596471885336274,1.0075102331377896
104,10500,0.7160559020042419,0.8558582782745361,16.902887588538924,6.942389815540628,0.5418848167539267,0.34554973821989526,0.2398031081904898,0.6282722513089005,4.863574530557651,1.0450827980041506,16.56102297921251,9.682417594810254,0.28776185226019846,0.17971334068357223,0.09651985774883912,0.37265711135611906,1.2215953438859646
105,10600,0.7261286487579346,0.8771747112274171,19.705983062586,6.851201710570103,0.5471204188481675,0.3507853403141361,0.21337641187111656,0.6649214659685864,5.18315689597119,1.0578218936920165,17.542819677864593,9.697064714043266,0.30099228224917307,0.16427783902976847,0.07760520303759696,0.38257993384785005,1.2962621989545335
106,10700,0.7200955605506897,0.8772348403930665,15.779896209459581,6.892054650710379,0.5471204188481675,0.3298429319371728,0.24138843524557957,0.6465968586387435,5.112734314731421,1.0651016235351565,15.50727323863152,9.610103831364219,0.28114663726571115,0.14884233737596472,0.08222608909605164,0.3649393605292172,1.419157236293073
107,10800,0.7205815358161926,0.8670704364776611,17.050206090902357,6.958958869196092,0.5575916230366492,0.35602094240837695,0.26231829841857135,0.6675392670157068,4.93811315003022,1.0740031051635743,16.115885383590104,9.700418034302626,0.29437706725468576,0.14773980154355015,0.08488949666574307,0.3649393605292172,1.2883417693804804
108,10900,0.7182377195358276,0.8721468210220338,15.638362052371098,6.830919446380599,0.5445026178010471,0.3612565445026178,0.2666945860395772,0.6387434554973822,4.990944856065909,1.0795123291015625,15.673885488872434,9.747378944122142,0.28996692392502754,0.16538037486218302,0.09125817263579683,0.3770672546857773,1.194421559523492
109,11000,0.7239884691238403,0.8785900592803955,16.646972926570363,7.071715715227719,0.5680628272251309,0.35340314136125656,0.2543106867679647,0.6649214659685864,5.053221488411287,1.0767973136901856,16.337719825215014,9.94781604186256,0.28335170893054024,0.1543550165380375,0.08048514295250907,0.37045203969129,1.1060571707949303
110,11100,0.717679790019989,0.8713174104690552,14.427936356996781,6.58140206022568,0.5209424083769634,0.3717277486910995,0.27937687313664944,0.6335078534031413,5.169942655811714,1.0987362957000733,13.715783975350568,9.543187380055372,0.27122381477398017,0.1631753031973539,0.1009260578149356,0.36604189636163176,1.240306111637483
111,11200,0.7099857220649717,0.8597656488418579,18.263439315922035,6.645488864286588,0.5785340314136126,0.35602094240837695,0.24900235019609832,0.6701570680628273,5.3773823450132365,1.0584823989868164,16.64921323436121,9.82155913927653,0.2855567805953694,0.14773980154355015,0.0717815523334279,0.36604189636163176,1.1497493851262024
112,11300,0.7171700720787048,0.8642374992370605,16.604027910482795,7.11268788085197,0.5471204188481675,0.3403141361256545,0.25420931230461563,0.6518324607329843,4.82312971785344,1.0819668292999267,15.681472535059712,9.751171112806173,0.288864388092613,0.1631753031973539,0.08740824515385706,0.37045203969129,1.1833112376307557
113,11400,0.7159234371185302,0.8760483503341675,15.90400880493708,6.5515950196536155,0.5445026178010471,0.35602094240837695,0.25914655468986403,0.6570680628272252,5.184538115463613,1.1199681949615479,15.477699799501627,9.552346023064432,0.27673649393605293,0.15986769570011025,0.08333454725317571,0.36604189636163176,1.328109557923449
114,11500,0.7189904236793516,0.8604419946670532,15.301125498061888,6.62663082128857,0.5445026178010471,0.3612565445026178,0.2705586058455697,0.6544502617801047,5.215828532561011,1.0734847164154053,15.381278872864877,9.928605883431281,0.24807056229327454,0.11576626240352811,0.061012618908063594,0.34178610804851156,1.0135697484779853
115,11600,0.7141222176551821,0.867065715789795,17.26686099117093,6.988606567535632,0.5445026178010471,0.3481675392670157,0.24468576345837942,0.643979057591623,4.859438509915499,1.0733077049255368,16.54616919747895,9.98533190233588,0.3054024255788313,0.15325248070562295,0.08381849000664748,0.3947078280044101,1.12057443328953
116,11700,0.7119611158370971,0.8900179386138916,15.389444337828131,6.7072500863256215,0.5235602094240838,0.36387434554973824,0.2764596210710513,0.6308900523560209,4.754332264191682,1.0829795551300048,14.551125763654083,9.633399697225416,0.269018743109151,0.13671444321940462,0.0787155147891445,0.35170893054024255,1.2436588228028784
117,11800,0.7029237232208252,0.8692271471023559,16.17535912450888,6.759863240184891,0.5418848167539267,0.36649214659685864,0.267660089550051,0.6465968586387435,5.005520391310828,1.0719197654724122,15.65142286082036,9.710851089728635,0.26019845644983464,0.1587651598676957,0.0882132863681993,0.350606394707828,1.1489148522551622
118,11900,0.6984888482093813,0.8540205240249634,15.530893022319797,6.730320332400505,0.5471204188481675,0.3795811518324607,0.28294139774704286,0.6518324607329843,4.816320665379167,1.0509052181243896,14.210096662210573,9.692511852428186,0.288864388092613,0.16868798235942667,0.10130523319963453,0.3748621830209482,1.2636239410051466
119,12000,0.699229169845581,0.8831724166870117,14.320737074310639,6.6999804863803645,0.5287958115183246,0.35602094240837695,0.28323690393008033,0.6308900523560209,5.058589921733717,1.0966654872894286,13.411115051057823,9.788899994281136,0.25689084895259096,0.15325248070562295,0.09645303904410137,0.33847850055126794,1.1554166344018744
120,12100,0.6925658049583437,0.8589337348937988,13.89786358665939,6.613977711497585,0.5157068062827225,0.36387434554973824,0.27267787087105977,0.6204188481675392,5.092138550893532,1.0594894313812255,13.910651656494165,9.494169715043773,0.27342888643880925,0.1587651598676957,0.10070569928062338,0.350606394707828,1.444400776737833
121,12200,0.689998220205307,0.8766159772872925,15.840055657647271,6.686136726149852,0.5732984293193717,0.38219895287958117,0.28451294370724983,0.6649214659685864,5.1167285172432635,1.0771167087554931,15.390370832558228,9.667861186518689,0.31201764057331866,0.175303197353914,0.10215034704679739,0.39911797133406834,1.4373104581414733
122,12300,0.6960351366996766,0.8840045690536498,18.197590078623808,6.631547879542725,0.5575916230366492,0.3612565445026178,0.2430335807460176,0.6727748691099477,5.195903915182297,1.0878731250762939,17.270626080814523,9.635786481822908,0.2822491730981257,0.15214994487320838,0.07614253572019075,0.36824696802646084,1.2697091505234541
123,12400,0.6912584714889525,0.8901728630065917,16.129149475882134,6.4539074253023285,0.5340314136125655,0.35340314136125656,0.2597847778434446,0.6570680628272252,5.402802817766702,1.0959503555297851,15.00099428608757,9.63136266935956,0.2679162072767365,0.15545755237045203,0.07985827894346884,0.36163175303197354,1.2341559524602934
124,12500,0.6859897546768188,0.8963838815689087,17.16187589534499,6.7023366785494,0.5287958115183246,0.3403141361256545,0.24645236063814258,0.6387434554973822,5.103614573484559,1.1163461017608642,16.88339180446814,9.418718944286448,0.2921719955898567,0.1631753031973539,0.08733675105209324,0.37927232635060637,1.5232256290889012
125,12600,0.691130739212036,0.885962748527527,15.464746825579851,6.8214330390017786,0.5052356020942408,0.3586387434554974,0.2606496016456862,0.6282722513089005,4.782296648107688,1.0627286529541016,15.273485499856154,9.540727920999265,0.25027563395810365,0.13891951488423374,0.07715053764210646,0.3296582138919515,1.3424953937019912
126,12700,0.691063895702362,0.8684321165084838,16.423845332268957,6.64117039785478,0.5497382198952879,0.3586387434554974,0.25849805977787127,0.6570680628272252,5.0133665136881955,1.0777539443969728,15.800592257688882,9.711621669459992,0.25909592061742004,0.13340683572216097,0.06907558420003831,0.3539140022050717,1.2123162340435651
127,12800,0.6895304698944092,0.876186728477478,15.48488807424437,6.813386278265289,0.5366492146596858,0.3586387434554974,0.26852016596628137,0.6518324607329843,4.837525221876851,1.1103091526031494,14.484614704887353,9.845178833085091,0.24696802646085997,0.1278941565600882,0.07377190624943887,0.3274531422271224,1.144652297027535
128,12900,0.6854782826900483,0.8748097896575928,17.241624883484015,6.8546246949884155,0.5575916230366492,0.3586387434554974,0.2475708241648469,0.6596858638743456,4.911868268906554,1.1011418247222902,16.67739702850267,9.75689378694512,0.28335170893054024,0.15104740904079383,0.0772322470407766,0.3638368246968026,1.2088412963057058
129,13000,0.6900855760574341,0.8879947423934936,15.361104393439998,6.898179880864913,0.5366492146596858,0.36649214659685864,0.2779074435147435,0.6413612565445026,4.7595967190644295,1.0939558410644532,13.980193759226228,10.101874696664742,0.2579933847850055,0.13230429988974643,0.07676424139089615,0.3395810363836825,0.8769773777513392
130,13100,0.6823220491409302,0.8960882663726807,15.16866350735561,6.905413949942742,0.5366492146596858,0.35340314136125656,0.25721966375627475,0.6335078534031413,4.884306113600395,1.1139537525177003,14.401706329448537,9.874115935984277,0.2657111356119074,0.1345093715545755,0.07322830826138994,0.3572216097023153,1.0821767707723087
131,13200,0.6876317243576052,0.8798407793045043,15.137565004188303,6.525962307619827,0.5418848167539267,0.35340314136125656,0.25826607780406896,0.6596858638743456,5.223345254101095,1.111429147720337,15.818236187462642,9.62381360586651,0.2822491730981257,0.17199558985667035,0.094480651620968,0.3715545755237045,1.3849570933401352
132,13300,0.6805729598999024,0.8809264183044434,19.169198128806233,6.681956609908977,0.5497382198952879,0.35340314136125656,0.23102734022611668,0.6544502617801047,5.07787514574581,1.1039605712890623,17.3671513821895,10.036167797761161,0.278941565600882,0.13891951488423374,0.07037923526419657,0.36163175303197354,1.0416007426986555
133,13400,0.6855597615242003,0.8819451093673707,19.514348410026617,6.571097263648012,0.6073298429319371,0.36910994764397903,0.23802668436341587,0.6989528795811518,5.381805107415094,1.1062859725952148,16.721084476830768,10.058426813749838,0.2745314222712238,0.15766262403528114,0.0734962736154653,0.35170893054024255,0.9359937419305794
134,13500,0.6727350630760194,0.8574532985687257,15.545796663787574,6.851323694171722,0.5445026178010471,0.3612565445026178,0.2661036624196465,0.6413612565445026,4.836421007594279,1.0742401790618896,14.590571353882414,9.656998606728985,0.2657111356119074,0.14884233737596472,0.08942748213539126,0.350606394707828,1.2774164312768546
135,13600,0.681699495792389,0.8773252725601197,16.51185930137429,6.760879743289391,0.5497382198952879,0.3795811518324607,0.27868737560278345,0.6570680628272252,5.082101344759704,1.120719623565674,14.317606826803603,10.11546589078122,0.25248070562293273,0.14112458654906285,0.07877368867890656,0.3472987872105843,0.7740002824406411
136,13700,0.6688913822174071,0.8630196809768678,16.400091016987794,6.81302528772141,0.5287958115183246,0.36910994764397903,0.2630732773671291,0.6413612565445026,4.728542468122939,1.095546417236328,15.48367652779972,9.879362840616542,0.24366041896361632,0.13340683572216097,0.0714333782594348,0.33847850055126794,1.0345564314897373
137,13800,0.6565922570228576,0.8957184314727784,15.644464594282596,6.921977405630371,0.5366492146596858,0.35602094240837695,0.26838756770467714,0.643979057591623,4.988519255998705,1.1095050048828123,14.690192201610948,10.092558036445574,0.26019845644983464,0.1378169790518192,0.0759701221613802,0.34178610804851156,0.8887712386857665
138,13900,0.6730316686630252,0.8853374004364014,16.537191314767174,6.921088194329324,0.5209424083769634,0.34293193717277487,0.24926090939890577,0.6256544502617801,4.895775054155759,1.108325128555298,13.903598481641518,10.208954851507698,0.23042998897464168,0.12348401323042998,0.07007193716855113,0.31201764057331866,0.6735582721359635
139,14000,0.6643644993305206,0.8530829906463623,18.057884215332887,6.585811318674265,0.5549738219895288,0.3743455497382199,0.252478134484864,0.662303664921466,5.362435426655059,1.0986684131622313,15.30472449345023,9.817458225250084,0.25248070562293273,0.13671444321940462,0.07482440164428808,0.33737596471885334,1.1197327574043905
140,14100,0.6722876739501953,0.8827725172042847,16.89160080314688,6.855344453625591,0.5418848167539267,0.35602094240837695,0.24739467816090327,0.6335078534031413,4.890606243007916,1.0890963745117186,15.751564768227452,9.738841551388976,0.2822491730981257,0.1543550165380375,0.08386180969807445,0.38037486218302097,1.2690106816677393
141,14200,0.6680625185966492,0.8810272216796876,16.26870549834798,6.732362375485422,0.5706806282722513,0.36387434554973824,0.2725586941655808,0.6675392670157068,5.233476085305857,1.0854620933532715,16.446204877229736,9.81706796121545,0.27342888643880925,0.1587651598676957,0.078840216690338,0.3649393605292172,1.1925245328605472
142,14300,0.6624509077072144,0.8866483926773072,16.121161477971086,7.1795898156741185,0.5392670157068062,0.34554973821989526,0.2518122861305891,0.6361256544502618,4.60878542312915,1.1101827907562256,14.401223407009093,10.124572579853556,0.2579933847850055,0.1466372657111356,0.07758043025189244,0.34509371554575524,0.8213449411710626
143,14400,0.6653618748188017,0.8853608131408691,15.805855688553093,6.7436428798240104,0.5602094240837696,0.3743455497382199,0.2774726071087328,0.6675392670157068,5.222322006759509,1.1012022399902341,15.634069539953314,9.733729493394511,0.298787210584344,0.17971334068357223,0.09911538199154502,0.38257993384785005,1.2522208770162118
144,14500,0.6680457882881166,0.8724183797836303,15.545709743205672,6.863583685227292,0.5209424083769634,0.3586387434554974,0.26876937907947823,0.6335078534031413,4.7801605039637955,1.0996156120300293,14.12996585761198,10.178873638618908,0.24586549062844543,0.13340683572216097,0.07987687795256895,0.3230429988974642,0.689964293103665
145,14600,0.6584513773918153,0.874431848526001,18.507517689909317,6.69164478827837,0.5471204188481675,0.34293193717277487,0.22872936903338256,0.6570680628272252,5.16899000585731,1.105461139678955,17.032106583632164,10.007207517316289,0.2723263506063947,0.13891951488423374,0.06355885514998233,0.35832414553472985,1.046561536034999
146,14700,0.6657771725654602,0.8604493737220764,14.409645017574375,6.5436917894114295,0.5497382198952879,0.36910994764397903,0.29343866297770416,0.6465968586387435,5.160444006313702,1.0952639389038086,13.324108902950151,10.082284274774679,0.25689084895259096,0.1466372657111356,0.08441049454541696,0.34950385887541346,0.9269643542137722
147,14800,0.6652447628974915,0.9008832693099975,15.856680474718486,6.978453526281867,0.5130890052356021,0.3481675392670157,0.2543303907763148,0.6099476439790575,4.79532065602503,1.1024849700927735,15.217834309100509,10.01623631300497,0.269018743109151,0.15214994487320838,0.08319822873302525,0.3472987872105843,0.8600494944108744
148,14900,0.6600782585144043,0.8915994167327881,17.39095003402915,6.809689663287939,0.5602094240837696,0.3769633507853403,0.2688017192794257,0.6701570680628273,5.062715184896691,1.1311031055450438,17.413447043516843,9.740539783780822,0.27122381477398017,0.1444321940463065,0.0758379137317464,0.35611907386990077,1.2205903721541835
149,15000,0.6472375540733336,0.8689559698104858,14.801518170374466,6.659310860380138,0.5235602094240838,0.3612565445026178,0.2777602773005961,0.643979057591623,4.928530137016841,1.1084160423278808,13.892157850452731,10.091405742827893,0.2414553472987872,0.14002205071664828,0.0836426349210912,0.3362734288864388,0.7226365031737201
150,15100,0.6463278150558471,0.8595599174499511,17.204249782123757,6.822487368113891,0.5654450261780105,0.3795811518324607,0.26803299651438606,0.662303664921466,4.993292631129546,1.1093609523773194,16.76163725005635,10.184187678718404,0.2679162072767365,0.13230429988974643,0.07014431624242515,0.35611907386990077,0.8299475483110262
151,15200,0.6565382962226868,0.9123134136199951,16.706200684242347,6.640973899970225,0.5602094240837696,0.3769633507853403,0.27405849417937156,0.6596858638743456,5.32195853362048,1.1203249073028563,14.50592921856236,9.969731030514236,0.25909592061742004,0.14553472987872107,0.08164283451362671,0.3439911797133407,0.9794514029572391
152,15300,0.6397850737571716,0.8519421577453613,14.95853905161013,6.77264450506183,0.5130890052356021,0.36387434554973824,0.2697227564443976,0.6256544502617801,4.823015210418555,1.0819729423522948,13.930338533358633,9.724592205073382,0.2513781697905182,0.15545755237045203,0.09701449043564281,0.3461962513781698,1.1800375066782613
153,15400,0.6480127253532411,0.8842425346374512,17.311025664802656,6.770610504909636,0.5314136125654451,0.3743455497382199,0.2586288079252724,0.6518324607329843,4.926891916413455,1.1225836372375488,15.683234672914718,10.05527346283705,0.24807056229327454,0.14994487320837926,0.07652395349802214,0.33076074972436603,0.8058674598672007
154,15500,0.6443870534896852,0.8947319507598877,17.08599099990838,6.700463983594595,0.5340314136125655,0.3612565445026178,0.2642415038730556,0.6675392670157068,4.974827935923266,1.1082162284851074,14.857751908439626,9.823601000596529,0.25027563395810365,0.13120176405733186,0.07704217146044173,0.33517089305402425,1.1177166800538123
155,15600,0.6507369089126588,0.8986877918243408,14.335523081134552,6.625180565346721,0.5157068062827225,0.3612565445026178,0.27438125896010535,0.6282722513089005,4.926381910853686,1.1394411754608154,13.600315570946394,9.88398799404895,0.24366041896361632,0.15104740904079383,0.0892745463196676,0.32083792723263505,0.9464969858616957
156,15700,0.6474137690067292,0.9455990791320801,15.733385813305658,6.742500366454489,0.5366492146596858,0.337696335078534,0.2626705666648953,0.662303664921466,5.117733006805395,1.1704834938049316,14.832403931854293,9.531311647247556,0.27342888643880925,0.175303197353914,0.10251044613837851,0.3649393605292172,1.3642328710436915
157,15800,0.6455210554599763,0.9096122980117798,16.59231623863254,6.587433993299433,0.581151832460733,0.38219895287958117,0.2782182785908212,0.693717277486911,5.417211403189431,1.179444398880005,16.020112509418517,9.88633882919406,0.2745314222712238,0.14884233737596472,0.08017914093603526,0.35942668136714445,0.9545907454427548
158,15900,0.6418377790451051,0.9071996212005616,16.109504353747894,6.679513729616527,0.5392670157068062,0.3612565445026178,0.2733405289445802,0.6413612565445026,4.995005014220932,1.1143446636199952,14.98433115555436,9.840837667488188,0.269018743109151,0.13891951488423374,0.07530292104923388,0.3638368246968026,1.1420577640972909
159,16000,0.643453122138977,0.8852288722991943,17.62654448022693,7.0025623333813085,0.5235602094240838,0.3795811518324607,0.2629437913056107,0.6387434554973822,4.646397912809154,1.10298041343689,15.875003941263014,9.925523402369015,0.2679162072767365,0.1587651598676957,0.08259734394862228,0.3572216097023153,1.1314512787725073
160,16100,0.6421128292083741,0.8883456230163573,18.224366537708047,6.676037136166052,0.5890052356020943,0.387434554973822,0.27753721700486406,0.6884816753926701,5.476843401819273,1.1235608959197998,16.846261310532974,9.833871977806767,0.30760749724366043,0.16868798235942667,0.08843559693434772,0.3980154355016538,1.2845901230298191
161,16200,0.6519926705360413,0.8845768451690673,16.92639301858597,7.02365222803533,0.5497382198952879,0.35602094240837695,0.26470996968444555,0.6413612565445026,4.913527083494823,1.1277578258514405,15.724830336717107,9.829287859539315,0.2855567805953694,0.1378169790518192,0.07986780939786012,0.3737596471885336,1.2596672219854674
162,16300,0.6436052637100219,0.8981169939041138,15.627408301450213,6.854099129441652,0.5418848167539267,0.36649214659685864,0.278070116048724,0.643979057591623,4.8693357288226125,1.0983480739593507,15.446759226487886,9.720710606999223,0.2844542447629548,0.1631753031973539,0.09170860767403236,0.3671444321940463,1.1507432364704098
163,16400,0.6331954531669617,0.8959740161895753,16.8921897758048,6.852637169903149,0.5602094240837696,0.35602094240837695,0.2531166254982603,0.6675392670157068,5.121791230663932,1.1166874885559082,15.395354258590856,9.533607148096282,0.27783902976846747,0.15325248070562295,0.08474399500532906,0.36824696802646084,1.5059837216667964
164,16500,0.6392144808769226,0.8684069871902466,16.63290333105576,6.86646298550191,0.5549738219895288,0.36649214659685864,0.2647474910193009,0.662303664921466,5.036268333196597,1.1308615112304687,16.672831513955366,9.595162260401452,0.298787210584344,0.16207276736493936,0.09639529145429178,0.3836824696802646,1.3653534158412999
165,16600,0.628865220785141,0.9067720413208007,17.317450862705215,6.703011922379662,0.5392670157068062,0.3612565445026178,0.2687135803967498,0.6492146596858639,5.0924633282835465,1.1235087966918944,15.699592822235267,9.76960930982459,0.27122381477398017,0.14332965821389196,0.07324906238686249,0.3638368246968026,1.1514672150870537
166,16700,0.6228500366210937,0.8876355648040772,15.425893890418761,7.231553891701785,0.5287958115183246,0.3612565445026178,0.2762845754079288,0.6151832460732984,4.3945099127001495,1.114045858383179,14.405896541850518,10.171983971540056,0.25689084895259096,0.1466372657111356,0.08918722848821851,0.3318632855567806,0.7672860728824851
167,16800,0.6244939274787903,0.9077317953109741,14.255909790123098,6.831653973823921,0.5235602094240838,0.38481675392670156,0.29806912969766175,0.6335078534031413,4.624888890804079,1.1699853038787844,13.76554078070267,9.969586153044789,0.2513781697905182,0.13891951488423374,0.08509644340094702,0.33296582138919517,0.974407397733601
168,16900,0.6236256499290466,0.8928420543670654,15.031489821953912,6.804539777712913,0.5209424083769634,0.34293193717277487,0.2672424945588324,0.6518324607329843,4.881246343546835,1.1421532726287842,14.936348634933887,9.34470648275345,0.2745314222712238,0.1565600882028666,0.09840448841995188,0.36934950385887544,1.517656978348181
169,17000,0.636716495513916,0.8867878913879395,17.148190091268713,6.39437253834965,0.5706806282722513,0.38481675392670156,0.2695224531012583,0.675392670157068,5.203451591424563,1.0898629760742187,15.746423781272513,9.795291474009922,0.2921719955898567,0.15325248070562295,0.09808442213020034,0.37265711135611906,1.1855749463779255
170,17100,0.6128532917499542,0.8901087760925293,16.234763024257724,7.014913013938849,0.5314136125654451,0.35602094240837695,0.26414660943549395,0.6387434554973822,4.7523735867473835,1.130404748916626,15.171356045729715,10.105944834751815,0.26350606394707826,0.12458654906284454,0.07459599598434023,0.3362734288864388,0.8153296766477515
171,17200,0.620751229286194,0.8963819026947022,16.45659419274715,6.724081522626987,0.5287958115183246,0.3795811518324607,0.28054473361409954,0.6308900523560209,4.991729264032192,1.1184896850585937,14.393422299069977,9.738105777912546,0.26460859977949286,0.13671444321940462,0.08307319335213777,0.35170893054024255,1.2068859017707125
172,17300,0.613446524143219,0.8808444499969483,18.066107242948508,6.506208160854727,0.5392670157068062,0.36910994764397903,0.25840649983308256,0.6596858638743456,5.296340478957881,1.1317175388336183,15.917234400323546,10.034248968494754,0.2723263506063947,0.13230429988974643,0.07531182048608592,0.35942668136714445,0.9938328180829894
173,17400,0.6178155906200409,0.9031526803970337,14.337953664574666,6.3420687388511015,0.5418848167539267,0.39267015706806285,0.2972624924189833,0.6596858638743456,5.406662590999132,1.1584651279449463,14.779603612105046,9.755394722342265,0.288864388092613,0.15214994487320838,0.08896715162881907,0.37045203969129,1.1022487029992152
174,17500,0.6210331039428711,0.9089449405670166,17.60694077662617,6.607492649604068,0.5759162303664922,0.3795811518324607,0.2652328242543965,0.6780104712041884,5.55679399951206,1.151796407699585,16.167391175687186,10.09176954303818,0.30429988974641675,0.14332965821389196,0.07544282365314736,0.3958103638368247,0.9008225971386968
175,17600,0.6199500608444214,0.9016741991043091,16.79278543888176,6.951973115280672,0.5654450261780105,0.3717277486910995,0.26940794913942934,0.6570680628272252,5.003617559307408,1.1301641082763672,14.964477264592471,10.186876309377778,0.2723263506063947,0.15214994487320838,0.08654212529357716,0.3539140022050717,0.8362149609746112
176,17700,0.6101186890602112,0.9128138065338134,15.880767015560016,6.658966461033105,0.5471204188481675,0.34554973821989526,0.26072211564065806,0.6465968586387435,5.182838366566851,1.1260639762878417,14.447203113018407,10.092771956368132,0.25689084895259096,0.13009922822491732,0.07361736977246477,0.34509371554575524,0.8579794828943038
177,17800,0.6145834798812867,0.9136448621749877,16.13258982974863,6.401095146643687,0.5654450261780105,0.4005235602094241,0.2851291437961355,0.675392670157068,5.337374769210911,1.122541551589966,14.343835241035938,9.772564489797384,0.24366041896361632,0.1422271223814774,0.07824847388432553,0.3219404630650496,1.1084039539600086
178,17900,0.6192994251251221,0.8993995189666748,17.992840460073644,6.718529338071557,0.5287958115183246,0.3769633507853403,0.25566354920472606,0.6465968586387435,5.0871440946478845,1.1500419425964357,16.661884164255014,10.20165263049271,0.269018743109151,0.1378169790518192,0.07639613643771026,0.3439911797133407,0.7812918682895358
179,18000,0.6213173048496247,0.8722618818283081,16.3601171937705,6.506201752148684,0.5340314136125655,0.36387434554973824,0.2671929968880536,0.6518324607329843,5.278591784754484,1.1322824287414548,15.022994484859629,10.154803799761748,0.25248070562293273,0.14332965821389196,0.0772101609913034,0.33076074972436603,0.7599321021363382
180,18100,0.608219816684723,0.9013384819030762,15.336200664884723,6.638198959930263,0.5261780104712042,0.3743455497382199,0.2820730680943913,0.6335078534031413,5.092861698174693,1.1676394844055173,15.012381872845618,9.816944498735023,0.27122381477398017,0.1587651598676957,0.08636905782474828,0.35170893054024255,1.069116926609146
181,18200,0.6222467031478882,0.9032471895217895,16.665663670023257,6.726445028668414,0.5549738219895288,0.38219895287958117,0.27603670263243474,0.6570680628272252,5.2643515321969065,1.1658959388732908,16.05703162963132,9.79293262985795,0.27783902976846747,0.14332965821389196,0.075185554415595,0.3671444321940463,1.2141531305980728
182,18300,0.613484302997589,0.9128641128540039,17.053599322144724,6.510204593753024,0.5549738219895288,0.39267015706806285,0.28122674832656747,0.6649214659685864,5.156498209536794,1.1446255016326903,14.844136409449293,9.860557411924932,0.26350606394707826,0.15325248070562295,0.08772930047298526,0.3528114663726571,1.1320197216525836
183,18400,0.5968416023254395,0.8948971033096313,17.252910059535346,6.815733660447833,0.5759162303664922,0.38481675392670156,0.2850907658684939,0.680628272251309,5.12899956637471,1.1263490772247313,16.259961402653182,9.736488819052347,0.26350606394707826,0.14773980154355015,0.07999731130131352,0.36824696802646084,1.217519131838813
184,18500,0.6014926886558531,0.8981778144836426,18.59258059154661,7.06608796925681,0.5549738219895288,0.3481675392670157,0.2475678980006429,0.6727748691099477,4.998006568395713,1.1572790336608887,17.53407424551718,10.099181991732245,0.26681367144432194,0.13561190738699008,0.0726556806790229,0.3528114663726571,0.8430578220168208
185,18600,0.5961528992652894,0.9222112655639648,14.250236399317027,6.441975720787559,0.5235602094240838,0.38219895287958117,0.29500290224950637,0.6308900523560209,5.333724318412974,1.1397691249847413,13.821919164273861,9.79217347237661,0.26019845644983464,0.15104740904079383,0.09087752694269871,0.35170893054024255,1.1377447782449237
186,18700,0.6011496307849884,0.9069051265716553,18.652622834833384,6.699621462820136,0.5654450261780105,0.387434554973822,0.2673712928555843,0.6701570680628273,5.271640030444158,1.1328122329711914,17.62163251824266,9.67995851227971,0.30099228224917307,0.14553472987872107,0.07663315605238992,0.3936052921719956,1.3572312800222612
187,18800,0.6111021718978882,0.8937481164932252,15.169118899461768,6.616488694706902,0.5471204188481675,0.38219895287958117,0.2877930692110147,0.6544502617801047,5.110249441288916,1.1593731212615963,15.262719253728307,10.019144814026586,0.2745314222712238,0.13561190738699008,0.0787574710620572,0.360529217199559,0.9802194501150178
188,18900,0.613341423034668,0.9196544170379639,17.364152091728595,6.892115320830127,0.5523560209424084,0.3769633507853403,0.2738374591327935,0.6570680628272252,4.962871746065103,1.1594644451141356,16.982949409972434,10.212785606122724,0.2756339581036384,0.15214994487320838,0.07936003032224263,0.35170893054024255,0.7452040159692769
189,19000,0.5927015800476074,0.8974143028259278,14.989152850888946,6.811267750183151,0.5602094240837696,0.387434554973822,0.29773624298193957,0.675392670157068,5.024226630651021,1.14357684135437,15.451299434325628,10.20304718533062,0.27783902976846747,0.14112458654906285,0.077513396841105,0.3649393605292172,0.751160691517315
190,19100,0.5983107333183288,0.8954998016357422,17.25610042407631,6.687551249834168,0.5261780104712042,0.34293193717277487,0.2349898665426247,0.6335078534031413,5.162213202567003,1.1251768589019775,17.55412416907088,9.985213979222753,0.27673649393605293,0.13561190738699008,0.06722602600350928,0.34950385887541346,0.8960051666108781
191,19200,0.5985942940711975,0.8887205600738525,16.568685525018708,6.632391356804483,0.5732984293193717,0.3900523560209424,0.2914369157013885,0.675392670157068,5.189783447369976,1.149977970123291,15.375111384134838,10.122434716917468,0.2535832414553473,0.11466372657111357,0.06419137395156217,0.3439911797133407,0.8827048342961771
192,19300,0.5972231624126434,0.8937511205673218,16.772641020036517,6.846909591913122,0.5602094240837696,0.3743455497382199,0.2738486557750541,0.662303664921466,4.883082580820408,1.154450969696045,15.605489953953626,9.924825024772648,0.27673649393605293,0.14002205071664828,0.07864844038582296,0.3649393605292172,1.095965423278434
193,19400,0.604207989692688,0.9069730758666993,15.490789269183958,6.802573511345669,0.5157068062827225,0.3481675392670157,0.27327121061053145,0.6308900523560209,4.856812178406848,1.1667515277862548,15.252342679143473,10.040016831681813,0.2624035281146637,0.14002205071664828,0.08117074092058287,0.3472987872105843,0.8327293808550954
194,19500,0.5993910775184631,0.8861883640289308,18.047273353200747,6.928569251943227,0.5471204188481675,0.337696335078534,0.2479178510993808,0.6596858638743456,4.915231291400534,1.1285735034942628,16.613732021557393,9.57670400342975,0.31201764057331866,0.17420066152149946,0.10081336009358162,0.4013230429988975,1.3727256241839894
195,19600,0.607180463552475,0.9215240478515625,17.346835576917815,6.928008581681448,0.518324607329843,0.35602094240837695,0.259400484915811,0.6361256544502618,4.909449014672357,1.1840081787109376,17.07412387007589,9.95662556162166,0.28004410143329656,0.1466372657111356,0.07433196099138822,0.37265711135611906,0.9679820615863565
196,19700,0.5795028631687164,0.93369562625885,15.471266592295903,6.653252815786058,0.5471204188481675,0.3795811518324607,0.29337723484119116,0.6701570680628273,5.130737338798223,1.1917858219146726,15.916216106091012,9.758402439604467,0.28004410143329656,0.15325248070562295,0.0876166636973061,0.37265711135611906,1.195308234079699
197,19800,0.5848053040504455,0.8906629323959351,14.508097693234863,6.900645305933833,0.5130890052356021,0.3507853403141361,0.2782197423824895,0.6282722513089005,4.841061603638801,1.1336638832092285,13.902974813316174,9.870437732856983,0.26460859977949286,0.14332965821389196,0.08687218343207787,0.35832414553472985,1.1266635715112483
198,19900,0.5829307594299317,0.896729564666748,16.746478717481995,6.68457267242777,0.5471204188481675,0.36387434554973824,0.27531841168403537,0.6544502617801047,5.365346273243118,1.1446030235290527,14.984881047544478,9.731332315195123,0.28004410143329656,0.16868798235942667,0.09501627330729935,0.35942668136714445,1.2140282315149222
199,20000,0.5967069475650788,0.8566627621650695,16.607378747869586,6.64251132269496,0.5445026178010471,0.38481675392670156,0.28443531344058653,0.6596858638743456,5.110441531367084,1.162631359100342,16.703586067939426,9.898829888194044,0.28996692392502754,0.1543550165380375,0.08943820078017704,0.36934950385887544,0.9656922307357101
